anio,producto,cantidad,categoria,linea,tipo;;;
2015,IMP EPSON PLOTER SCF7170PE STANDARD EDITION,1,PLOTTER SURECOLOR,SureColor F7170,Sublimación 1.80m;;;
2015,IMP EPSON SURECOLOR F570,9,PLOTTER SURECOLOR,SureColor F570,Sublimación 60cm;;;
2016,IMP EPSON PLOTER SCF6200PE STANDARD EDITION,35,PLOTTER SURECOLOR,SureColor F6200/F6070,Sublimación 1.10m;;;
2016,IMP EPSON SURECOLOR F9370 PROD. SYSTEM,3,PLOTTER SURECOLOR,SureColor F9370,Sublimación 1.60m;;;
2017,IMP EPSON PLOTER SCF6200 PROD. SYSTEM,45,PLOTTER SURECOLOR,SureColor F6200/F6070,Sublimación 1.10m;;;
2017,IMP EPSON PLOTER SCF6200PE STANDARD EDITION,14,PLOTTER SURECOLOR,SureColor F6200/F6070,Sublimación 1.10m;;;
2017,IMP EPSON PLOTER SCF9370PS PROD. SYSTEM,2,PLOTTER SURECOLOR,SureColor F9370,Sublimación 1.60m;;;
2017,IMP EPSON SURECOLOR F9200,2,PLOTTER SURECOLOR,SureColor F9200,SureColor Otros;;;
2018,IMP EPSON PLOTER SCF6200 PROD. SYSTEM,46,PLOTTER SURECOLOR,SureColor F6200/F6070,Sublimación 1.10m;;;
2018,IMP EPSON PLOTER SCF9370PS PROD. SYSTEM,3,PLOTTER SURECOLOR,SureColor F9370,Sublimación 1.60m;;;
2019,IMP EPSON PLOTER SCF2100WE SURECOLOR,2,PLOTTER SURECOLOR,SureColor F2100,DTG (Impresión Directa Textil);;;
2019,IMP EPSON PLOTER SCF6200 PROD. SYSTEM,30,PLOTTER SURECOLOR,SureColor F6200/F6070,Sublimación 1.10m;;;
2019,IMP EPSON PLOTER SCF6370PE STANDARD EDITION,11,PLOTTER SURECOLOR,SureColor F6370,Sublimación 1.10m;;;
2019,IMP EPSON PLOTER SCF7200PE STANDARD EDITION,1,PLOTTER SURECOLOR,SureColor F7200,Sublimación 1.80m;;;
2019,IMP EPSON PLOTER SCF9370PS PROD. SYSTEM,3,PLOTTER SURECOLOR,SureColor F9370,Sublimación 1.60m;;;
2019,IMP EPSON SURECOLOR F570,5,PLOTTER SURECOLOR,SureColor F570,Sublimación 60cm;;;
2020,AIRE ACONDICIONADO AURORA R410 12000BTU,1,AIRE ACONDICIONADO,,AIRE ACONDICIONADO;;;
2020,AIRE ACONDICIONADO AURORA R410 18000BTU,1,AIRE ACONDICIONADO,,AIRE ACONDICIONADO;;;
2020,AURI ARG-HS-0077 METRO,1,ACCESORIO / PERIFÉRICO,,ACCESORIO / PERIFÉRICO;;;
2020,CARGADOR ARG-AC-0092 UNIVERSAL 90W P/NB,2,ACCESORIO / PERIFÉRICO,,ACCESORIO / PERIFÉRICO;;;
2020,IMP EPSON CW-C3500 COLORWORKS,1,OTROS,,OTROS;;;
2020,IMP EPSON L 120 SF,153,IMPRESORA ECOTANK,EcoTank L120,Impresora EcoTank;;;
2020,IMP EPSON L 3110 MULTIFUNCION,30,IMPRESORA ECOTANK,EcoTank L3110,Impresora EcoTank;;;
2020,IMP EPSON L 3150 MULTIFUNCION WIR,2,IMPRESORA ECOTANK,EcoTank L3150,Impresora EcoTank;;;
2020,IMP EPSON L1300 A3,3,IMPRESORA ECOTANK,EcoTank L1300,Impresora EcoTank;;;
2020,IMP EPSON L1800 A3/FOTOGRAFICA,1,IMPRESORA ECOTANK,EcoTank L1800,Impresora EcoTank;;;
2020,IMP EPSON PLOTER SCF2100WE SURECOLOR,1,PLOTTER SURECOLOR,SureColor F2100,DTG (Impresión Directa Textil);;;
2020,IMP EPSON PLOTER SCF6370PE STANDARD EDITION,6,PLOTTER SURECOLOR,SureColor F6370,Sublimación 1.10m;;;
2020,IMP EPSON SURECOLOR F570,9,PLOTTER SURECOLOR,SureColor F570,Sublimación 60cm;;;
2020,IMP EPSON T 3170 WIF SURECOLOR,1,PLOTTER SURECOLOR,SureColor Otros,SureColor Otros;;;
2020,KIT EP MANTENIMIENTO C13S210057 (T3170/F570/F571),4,REPUESTO / MANTENIMIENTO,SureColor F571,SureColor Otros;;;
2020,LENTES ARG-AC-0411SL P/ CELULAR,1,ACCESORIO / PERIFÉRICO,,ACCESORIO / PERIFÉRICO;;;
2020,MOUSE LOGIT 910-003635 M185 WIR ROJO,1,ACCESORIO / PERIFÉRICO,,ACCESORIO / PERIFÉRICO;;;
2020,MOUSE LOGIT 910-003636 M185 WIR AZUL,1,ACCESORIO / PERIFÉRICO,,ACCESORIO / PERIFÉRICO;;;
2020,MOUSE VERB 99766 AZUL USB WIR,1,ACCESORIO / PERIFÉRICO,,ACCESORIO / PERIFÉRICO;;;
2020,PAPEL EPSON DS TRANSFER - PRODUCTION 64 x 650,131,INSUMO / PAPEL,,INSUMO / PAPEL;;;
"2020,""PAPEL EPSON DS TRANSFER MULTIUSE 87GR 24"""" x 100'"",13,INSUMO / PAPEL,,INSUMO / PAPEL";;;
2020,PARLANTE ARG-SP-2801BK WIR NEGRO,10,ACCESORIO / PERIFÉRICO,,ACCESORIO / PERIFÉRICO;;;
2020,PARLANTE ARG-SP-2801BL WIR AZUL,3,ACCESORIO / PERIFÉRICO,,ACCESORIO / PERIFÉRICO;;;
2020,PARLANTE ARG-SP-2801PK WIR ROSADO,2,ACCESORIO / PERIFÉRICO,,ACCESORIO / PERIFÉRICO;;;
2020,REP EP AUTO TAKE-UP REEL UNIT FOR SCF6370,3,PLOTTER SURECOLOR,SureColor F6370,Sublimación 1.10m;;;
2020,REP EP DUCT CR ASSY;CE30.B;ESL;ASP (1710065),1,REPUESTO / MANTENIMIENTO,SureColor Otros,SureColor Otros
"2020,""REP EP HOLDER IC A ASSY,R";"CE30 ESL.,A (1691909)"",1,REPUESTO / MANTENIMIENTO,SureColor Otros,SureColor Otros";;
"2020,""REP EP HOLDER IC.A";ASSY,L;CE30 ESL;"ASP 1691906"",1,REPUESTO / MANTENIMIENTO,SureColor Otros,SureColor Otros"
"2020,""REP EP INK SUPPLY TANK,HDK,SUB,642C0 (1764021)"",2,REPUESTO / MANTENIMIENTO,SureColor Otros,SureColor Otros";;;
"2020,""REP EP INK SUPPLY TANK,SUB,642C0 (1676926)"",6,REPUESTO / MANTENIMIENTO,SureColor Otros,SureColor Otros";;;
"2020,""REP EP PUMP CAP ASSY,L"; C CE30 ESL;"ASP (1722994"",1,REPUESTO / MANTENIMIENTO,SureColor Otros,SureColor Otros";
"2020,""REP EP PUMP CAP ASSY,R";B CE30 ESL;"ASP(1722995)"",1,REPUESTO / MANTENIMIENTO,SureColor Otros,SureColor Otros";
2020,REP EP WIPER F9370 HEAD CLEANING KIT (C13S210051),6,REPUESTO / MANTENIMIENTO,SureColor F9370,Sublimación 1.60m;;;
2020,TECLADO LOGIT 920-008166 K375S MULTI WIRE,1,ACCESORIO / PERIFÉRICO,,ACCESORIO / PERIFÉRICO;;;
2020,TINTA EP C13T43R100 KIT MANTENIMIENTO F2100WE,1,TINTA,SureColor F2100,DTG (Impresión Directa Textil);;;
2020,TINTA EP F6070/F6200 T741200 CYAN ULTRACHROME,28,TINTA,SureColor F6200/F6070,Sublimación 1.10m;;;
2020,TINTA EP F6070/F6200 T741300 MAGENTA ULTRACHROME,17,TINTA,SureColor F6200/F6070,Sublimación 1.10m;;;
2020,TINTA EP F6070/F6200 T741400 AMARILLO ULTRACHROME,10,TINTA,SureColor F6200/F6070,Sublimación 1.10m;;;
2020,TINTA EP F6200 T741X00 NEGRO ULTRACHROME,16,TINTA,SureColor F6200/F6070,Sublimación 1.10m;;;
2020,TINTA EP F6370 T746C220 CYAN ULTRACHROME,5,TINTA,SureColor F6370,Sublimación 1.10m;;;
2020,TINTA EP F6370 T746C320 MAGENTA ULTRACHROME,3,TINTA,SureColor F6370,Sublimación 1.10m;;;
2020,TINTA EP F6370 T746C420 YELLOW ULTRACHROME,3,TINTA,SureColor F6370,Sublimación 1.10m;;;
2020,TINTA EP F6370 T746C820 NEGRO ULTRACHROME,2,TINTA,SureColor F6370,Sublimación 1.10m;;;
2020,TINTA EP P9000 T699700 KIT DE MANTENIMIENTO TANQUE,3,TINTA,SureColor P9000,Fotografía / Arte;;;
2020,TINTA EP P9000 T804100 NEGRO ULTRACHROME 700 ML,2,TINTA,SureColor P9000,Fotografía / Arte;;;
2020,TINTA EP P9000 T804200 CYAN ULTRACHROME 700 ML,1,TINTA,SureColor P9000,Fotografía / Arte;;;
2020,TINTA EP P9000 T804300 MAGENTA ULTRACHROME 700 ML,2,TINTA,SureColor P9000,Fotografía / Arte;;;
2020,TINTA EP P9000 T804400 YELLOW ULTRACHROME 700 ML,2,TINTA,SureColor P9000,Fotografía / Arte;;;
2020,TINTA EP P9000 T804500 CYAN CLARO ULTRACHROME 700,1,TINTA,SureColor P9000,Fotografía / Arte;;;
2020,TINTA EP P9000 T804600 MAGENTA CLARO ULTRACHROME 7,1,TINTA,SureColor P9000,Fotografía / Arte;;;
2020,TINTA EP P9000 T804700 NEGRO CLARO ULTRACHROME 700,1,TINTA,SureColor P9000,Fotografía / Arte;;;
2020,TINTA EP P9000 T804800 NEGRO MATE ULTRACHROME 700,1,TINTA,SureColor P9000,Fotografía / Arte;;;
2020,TINTA EP P9000 T804B00 VERDE ULTRACHROME 700 ML,1,TINTA,SureColor P9000,Fotografía / Arte;;;
2020,TINTA EP P9000 T804D00 VIOLETA ULTRACHROME 700 ML,1,TINTA,SureColor P9000,Fotografía / Arte;;;
2020,TINTA EP T49M120 F170/F570 ULTRA NEGRO 140ML,5,TINTA,SureColor F570,Sublimación 60cm;;;
2020,TINTA EP T49M220 F170/F570 ULTRA CYAN 140ML,6,TINTA,SureColor F570,Sublimación 60cm;;;
2020,TINTA EP T49M320 F170/F570 ULTRA MAGENTA 140ML,5,TINTA,SureColor F570,Sublimación 60cm;;;
2020,TINTA EP T49M420 F170/F570 ULTRA YELLOW 140ML,7,TINTA,SureColor F570,Sublimación 60cm;;;
2020,TINTA EP T725A00 BLANCO 725 (F2100WE),2,TINTA,SureColor F2100,DTG (Impresión Directa Textil);;;
2020,TINTA EP T748XXL120-A NEGRO (WF-6090/6590),1,TINTA,WorkForce Pro,SureColor Otros;;;
2020,TINTA EP T890100 NEGRO (S40600PE),4,TINTA,SureColor S40600,Serigrafía Digital;;;
2020,TINTA EP T890200 CYAN (S40600PE),3,TINTA,SureColor S40600,Serigrafía Digital;;;
2020,TINTA EP T890300 MAGENTA (S40600PE),1,TINTA,SureColor S40600,Serigrafía Digital;;;
2020,TINTA EP T890320 MAGENTA (S40600PE),1,TINTA,SureColor S40600,Serigrafía Digital;;;
2020,TINTA EP T890400 AMARILLO (S40600PE),6,TINTA,SureColor S40600,Serigrafía Digital;;;
2020,UPS APS POWER 650 V.A. VISTA,2,UPS / ENERGÍA,,UPS / ENERGÍA;;;
2021,AURI ARG-HS-5080WT BLANCO C/ ACCESORIOS,1,ACCESORIO / PERIFÉRICO,,ACCESORIO / PERIFÉRICO;;;
2021,CAM WEB ARG-WC-9150BK FULL HD 1080P LED C/MIC,1,ACCESORIO / PERIFÉRICO,,ACCESORIO / PERIFÉRICO;;;
2021,CAM WEB LOGIT 960-001280 STREAM PLUS GRAPHITE,1,ACCESORIO / PERIFÉRICO,,ACCESORIO / PERIFÉRICO;;;
2021,IMP EPSON L 120 SF,47,IMPRESORA ECOTANK,EcoTank L120,Impresora EcoTank;;;
2021,IMP EPSON L 121 SFP,6,IMPRESORA ECOTANK,EcoTank L121,Impresora EcoTank;;;
2021,IMP EPSON L 3110 MULTIFUNCION,7,IMPRESORA ECOTANK,EcoTank L3110,Impresora EcoTank;;;
2021,IMP EPSON L 3210 MULTIFUNCION,15,IMPRESORA ECOTANK,EcoTank L3210,Impresora EcoTank;;;
2021,IMP EPSON L 4160 MULTIFUNCION WIR,1,IMPRESORA ECOTANK,EcoTank L4160,Impresora EcoTank;;;
2021,IMP EPSON L 805 FOTOGRAFICA/CD WIR,1,IMPRESORA ECOTANK,EcoTank L805,Impresora EcoTank;;;
2021,IMP EPSON L 810 FOTOGRAFICA/CD,1,IMPRESORA ECOTANK,EcoTank L810,Impresora EcoTank;;;
2021,IMP EPSON L121 SFP (220V),8,IMPRESORA ECOTANK,EcoTank L121,Impresora EcoTank;;;
2021,IMP EPSON PLOTER SCF6370PE STANDARD EDITION,11,PLOTTER SURECOLOR,SureColor F6370,Sublimación 1.10m;;;
2021,IMP EPSON SURECOLOR F170 A4,60,PLOTTER SURECOLOR,SureColor F170,Sublimación A4;;;
2021,IMP EPSON SURECOLOR F570,5,PLOTTER SURECOLOR,SureColor F570,Sublimación 60cm;;;
2021,IMP EPSON T 3170 WIF SURECOLOR,1,PLOTTER SURECOLOR,SureColor Otros,SureColor Otros;;;
2021,IMP EPSON T5270DR SURECOLOR,1,PLOTTER SURECOLOR,SureColor T5270,Sublimación Textil;;;
2021,KIT DE LIMPIEZA DE CABEZAL C13S210063(F6370/F9370),2,REPUESTO / MANTENIMIENTO,SureColor F6370,Sublimación 1.10m;;;
2021,KIT DE MANTENIMIENTO C13S210125 SC-F170,4,REPUESTO / MANTENIMIENTO,SureColor F170,Sublimación A4;;;
2021,KIT EP MANTENIMIENTO C13S210057 (T3170/F570/F571),12,REPUESTO / MANTENIMIENTO,SureColor F571,SureColor Otros;;;
"2021,""MON 24"""" AURORA 24C2N FHD/USB/HDMI/TV DIGITAL"",8,ACCESORIO / PERIFÉRICO,,ACCESORIO / PERIFÉRICO";;;
"2021,""NB ACER CI3 54-37ZB/10MA/15.6""""/4GB/256SSD/W10/NEG"",1,COMPUTADORA,,COMPUTADORA";;;
2021,NB ASUS CI7/15.6 FHD144/16GB/1TBSSD/RTX2060/W10/GA,1,COMPUTADORA,,COMPUTADORA;;;
2021,NB HP CE 14-AX100LA STREAM 4GB/64SSD/W10,1,COMPUTADORA,,COMPUTADORA;;;
2021,PAPEL EPSON DS TRANSFER - PRODUCTION 64 x 650,48,INSUMO / PAPEL,,INSUMO / PAPEL;;;
"2021,""PAPEL EPSON DS TRANSFER MULTIUSE 87GR 24"""" x 100'"",24,INSUMO / PAPEL,,INSUMO / PAPEL";;;
2021,PARLANTE ARG-SP-2801BK WIR NEGRO,2,ACCESORIO / PERIFÉRICO,,ACCESORIO / PERIFÉRICO;;;
2021,PARLANTE ARG-SP-2801BL WIR AZUL,6,ACCESORIO / PERIFÉRICO,,ACCESORIO / PERIFÉRICO;;;
2021,PARLANTE ARG-SP-4090BK WIR C/SOPORTE,8,ACCESORIO / PERIFÉRICO,,ACCESORIO / PERIFÉRICO;;;
2021,PROY VIEWSONIC M1 MINI 120 LUM LED HDMI,1,PROYECTOR,,PROYECTOR;;;
2021,REP EP WIPER F9370 HEAD CLEANING KIT (C13S210051),7,REPUESTO / MANTENIMIENTO,SureColor F9370,Sublimación 1.60m;;;
2021,SERVICIO TECNICO,1,SERVICIO,,SERVICIO;;;
2021,SOPORTE ARG-AC-0160BK P/CELULAR (AUTO),1,ACCESORIO / PERIFÉRICO,,ACCESORIO / PERIFÉRICO;;;
2021,TECLADO LOGIT 920-008673 MK540 COMBO WIR,1,ACCESORIO / PERIFÉRICO,,ACCESORIO / PERIFÉRICO;;;
2021,TINTA EP F6070/F6200 T741200 CYAN ULTRACHROME,19,TINTA,SureColor F6200/F6070,Sublimación 1.10m;;;
2021,TINTA EP F6070/F6200 T741220 CYAN ULTRACHROME,20,TINTA,SureColor F6200/F6070,Sublimación 1.10m;;;
2021,TINTA EP F6070/F6200 T741300 MAGENTA ULTRACHROME,24,TINTA,SureColor F6200/F6070,Sublimación 1.10m;;;
2021,TINTA EP F6070/F6200 T741400 AMARILLO ULTRACHROME,24,TINTA,SureColor F6200/F6070,Sublimación 1.10m;;;
2021,TINTA EP F6200 T741X00 NEGRO ULTRACHROME,27,TINTA,SureColor F6200/F6070,Sublimación 1.10m;;;
2021,TINTA EP F6370 T746C220 CYAN ULTRACHROME,33,TINTA,SureColor F6370,Sublimación 1.10m;;;
2021,TINTA EP F6370 T746C320 MAGENTA ULTRACHROME,18,TINTA,SureColor F6370,Sublimación 1.10m;;;
2021,TINTA EP F6370 T746C420 YELLOW ULTRACHROME,15,TINTA,SureColor F6370,Sublimación 1.10m;;;
2021,TINTA EP F6370 T746C820 NEGRO ULTRACHROME,15,TINTA,SureColor F6370,Sublimación 1.10m;;;
2021,TINTA EP P9000 T699700 KIT DE MANTENIMIENTO TANQUE,13,TINTA,SureColor P9000,Fotografía / Arte;;;
2021,TINTA EP P9000 T804100 NEGRO ULTRACHROME 700 ML,5,TINTA,SureColor P9000,Fotografía / Arte;;;
2021,TINTA EP P9000 T804200 CYAN ULTRACHROME 700 ML,4,TINTA,SureColor P9000,Fotografía / Arte;;;
2021,TINTA EP P9000 T804300 MAGENTA ULTRACHROME 700 ML,3,TINTA,SureColor P9000,Fotografía / Arte;;;
2021,TINTA EP P9000 T804400 YELLOW ULTRACHROME 700 ML,4,TINTA,SureColor P9000,Fotografía / Arte;;;
2021,TINTA EP P9000 T804500 CYAN CLARO ULTRACHROME 700,3,TINTA,SureColor P9000,Fotografía / Arte;;;
2021,TINTA EP P9000 T804600 MAGENTA CLARO ULTRACHROME 7,4,TINTA,SureColor P9000,Fotografía / Arte;;;
2021,TINTA EP P9000 T804700 NEGRO CLARO ULTRACHROME 700,4,TINTA,SureColor P9000,Fotografía / Arte;;;
2021,TINTA EP P9000 T804800 NEGRO MATE ULTRACHROME 700,1,TINTA,SureColor P9000,Fotografía / Arte;;;
2021,TINTA EP P9000 T804A00 NARANJA ULTRACHROME 700 ML,3,TINTA,SureColor P9000,Fotografía / Arte;;;
2021,TINTA EP P9000 T804B00 VERDE ULTRACHROME 700 ML,2,TINTA,SureColor P9000,Fotografía / Arte;;;
2021,TINTA EP P9000 T804D00 VIOLETA ULTRACHROME 700 ML,2,TINTA,SureColor P9000,Fotografía / Arte;;;
2021,TINTA EP T40W120 NEGRO ULTRACHROME (T3170),2,TINTA,SureColor T3170,Sublimación Textil (CAD/CAM);;;
2021,TINTA EP T40W220 CYAN ULTRACHROME (T3170),3,TINTA,SureColor T3170,Sublimación Textil (CAD/CAM);;;
2021,TINTA EP T40W320 MAGENTA ULTRACHROME (T3170),4,TINTA,SureColor T3170,Sublimación Textil (CAD/CAM);;;
2021,TINTA EP T40W420 AMARILLO ULTRACHROME (T3170),4,TINTA,SureColor T3170,Sublimación Textil (CAD/CAM);;;
2021,TINTA EP T49F020 F571 ULTRACHROME FLUO PINK 140ML,3,TINTA,SureColor F571,Fluorescente / Especial;;;
2021,TINTA EP T49F920 F571 ULTRACHROME FLUO YELOW 140ML,3,TINTA,SureColor F571,Fluorescente / Especial;;;
2021,TINTA EP T49M120 F170/F570 ULTRA NEGRO 140ML,23,TINTA,SureColor F570,Sublimación 60cm;;;
2021,TINTA EP T49M220 F170/F570 ULTRA CYAN 140ML,21,TINTA,SureColor F570,Sublimación 60cm;;;
2021,TINTA EP T49M320 F170/F570 ULTRA MAGENTA 140ML,19,TINTA,SureColor F570,Sublimación 60cm;;;
2021,TINTA EP T49M420 F170/F570 ULTRA YELLOW 140ML,19,TINTA,SureColor F570,Sublimación 60cm;;;
2021,TINTA EP T694100 NEGRO 700ML (T5270DR),1,TINTA,SureColor T5270,Sublimación Textil;;;
2021,TINTA EP T694200 CYAN 700ML (T5270DR),1,TINTA,SureColor T5270,Sublimación Textil;;;
2021,TINTA EP T694400 YELLOW 700ML (T5270DR),1,TINTA,SureColor T5270,Sublimación Textil;;;
2021,TINTA EP T694500 NEGRO MATTE 700ML (T5270DR),1,TINTA,SureColor T5270,Sublimación Textil;;;
2021,TINTA EP T725100 NEGRO 725 (F2100WE),2,TINTA,SureColor F2100,DTG (Impresión Directa Textil);;;
2021,TINTA EP T725200 CYAN 725 (F2100WE),2,TINTA,SureColor F2100,DTG (Impresión Directa Textil);;;
2021,TINTA EP T725300 MAGENTA 725 (F2100WE),1,TINTA,SureColor F2100,DTG (Impresión Directa Textil);;;
2021,TINTA EP T725400 AMARILLO 725 (F2100WE),1,TINTA,SureColor F2100,DTG (Impresión Directa Textil);;;
2021,TINTA EP T725A00 BLANCO 725 (F2100WE),26,TINTA,SureColor F2100,DTG (Impresión Directa Textil);;;
2021,TINTA EP T736000 CARTUCHO DE LIMPIEZA (F2100WE),2,TINTA,SureColor F2100,DTG (Impresión Directa Textil);;;
2021,TINTA EP T890100 NEGRO (S40600PE),2,TINTA,SureColor S40600,Serigrafía Digital;;;
2021,TINTA EP T890200 CYAN (S40600PE),2,TINTA,SureColor S40600,Serigrafía Digital;;;
2021,TINTA EP T890300 MAGENTA (S40600PE),3,TINTA,SureColor S40600,Serigrafía Digital;;;
2021,TINTA EP T890400 AMARILLO (S40600PE),4,TINTA,SureColor S40600,Serigrafía Digital;;;
2021,UPS APS POWER 650 V.A. VISTA,1,UPS / ENERGÍA,,UPS / ENERGÍA;;;
2022,IMP EPSON L 120 SF,21,IMPRESORA ECOTANK,EcoTank L120,Impresora EcoTank;;;
2022,IMP EPSON L 121 SFP,53,IMPRESORA ECOTANK,EcoTank L121,Impresora EcoTank;;;
2022,IMP EPSON L 1250 SF WIR,2,IMPRESORA ECOTANK,EcoTank L1250,Impresora EcoTank;;;
2022,IMP EPSON L 3210 MULTIFUNCION,6,IMPRESORA ECOTANK,EcoTank L3210,Impresora EcoTank;;;
2022,IMP EPSON PLOTER SCF6370PE STANDARD EDITION,6,PLOTTER SURECOLOR,SureColor F6370,Sublimación 1.10m;;;
2022,IMP EPSON PLOTER SURECOLOR SCF9370PS PROD. SYSTEM,2,PLOTTER SURECOLOR,SureColor F9370,Sublimación 1.60m;;;
2022,IMP EPSON SURECOLOR F170 A4,31,PLOTTER SURECOLOR,SureColor F170,Sublimación A4;;;
2022,IMP EPSON SURECOLOR F570,2,PLOTTER SURECOLOR,SureColor F570,Sublimación 60cm;;;
2022,KIT DE LIMPIEZA DE CABEZAL C13S210063(F6370/F9370),11,REPUESTO / MANTENIMIENTO,SureColor F6370,Sublimación 1.10m;;;
2022,KIT DE MANTENIMIENTO C13S210125 SC-F170,31,REPUESTO / MANTENIMIENTO,SureColor F170,Sublimación A4;;;
2022,KIT EP MANTENIMIENTO C13S210057 (T3170/F570/F571),18,REPUESTO / MANTENIMIENTO,SureColor F571,SureColor Otros;;;
2022,LAMPARA ARG-LP-9011WT P/MESA LED,2,ACCESORIO / PERIFÉRICO,,ACCESORIO / PERIFÉRICO;;;
2022,NB ASUS CE 4020/X515MA-BQ466T/15.6/4GB/128/W10,1,COMPUTADORA,,COMPUTADORA;;;
2022,NB ASUS CE E510MA-BR718W/15.6/4GB/128/W11,1,COMPUTADORA,,COMPUTADORA;;;
2022,PAPEL EPSON DS TRANSFER - PRODUCTION 64 x 650,3,INSUMO / PAPEL,,INSUMO / PAPEL;;;
"2022,""PAPEL EPSON DS TRANSFER MULTIUSE 87GR 24"""" x 100'"",9,INSUMO / PAPEL,,INSUMO / PAPEL";;;
2022,PARLANTE ARG-SP-2803RD BT ROJO,5,ACCESORIO / PERIFÉRICO,,ACCESORIO / PERIFÉRICO;;;
2022,PARLANTE ARG-SP-3045BK BT,2,ACCESORIO / PERIFÉRICO,,ACCESORIO / PERIFÉRICO;;;
2022,PARLANTE ARG-SP-3365BK BT WIR AMBIENCE NEGRO,1,ACCESORIO / PERIFÉRICO,,ACCESORIO / PERIFÉRICO;;;
2022,PROMO EPSON F571 + TINTAS FLUO,1,PROMOCIÓN,,PROMOCIÓN;;;
2022,PROMO HP CE 14-AX100LA STREAM + MOUSE HP 1000,1,PROMOCIÓN,,PROMOCIÓN;;;
2022,REP EP WIPER DE LIMPIEZA F2100 (C13S092001),1,REPUESTO / MANTENIMIENTO,SureColor F2100,DTG (Impresión Directa Textil);;;
2022,REP EP WIPER F9370 HEAD CLEANING KIT (C13S210051),6,REPUESTO / MANTENIMIENTO,SureColor F9370,Sublimación 1.60m;;;
2022,TANQUE EPSON PLOTER F6070 (T619300),1,PLOTTER SURECOLOR,SureColor F6200/F6070,Sublimación 1.10m;;;
2022,TECLADO LOGIT 920-004432 MK270 COMBO WIR,1,ACCESORIO / PERIFÉRICO,,ACCESORIO / PERIFÉRICO;;;
2022,TECLADO LOGIT 920-008659 MK850 COMBO WIR PERFOMAN,1,ACCESORIO / PERIFÉRICO,,ACCESORIO / PERIFÉRICO;;;
2022,TINTA EP F6070/F6200 T741220 CYAN ULTRACHROME,62,TINTA,SureColor F6200/F6070,Sublimación 1.10m;;;
2022,TINTA EP F6070/F6200 T741320 MAGENTA ULTRACHROME,38,TINTA,SureColor F6200/F6070,Sublimación 1.10m;;;
2022,TINTA EP F6070/F6200 T741400 AMARILLO ULTRACHROME,20,TINTA,SureColor F6200/F6070,Sublimación 1.10m;;;
2022,TINTA EP F6070/F6200 T741420 AMARILLO ULTRACHROME,12,TINTA,SureColor F6200/F6070,Sublimación 1.10m;;;
2022,TINTA EP F6200 T741X20 NEGRO ULTRACHROME,33,TINTA,SureColor F6200/F6070,Sublimación 1.10m;;;
2022,TINTA EP F6370 T46C220 CYAN ULTRACHROME,37,TINTA,SureColor F6370,Sublimación 1.10m;;;
2022,TINTA EP F6370 T46C320 MAGENTA ULTRACHROME,16,TINTA,SureColor F6370,Sublimación 1.10m;;;
2022,TINTA EP F6370 T46C420 YELLOW ULTRACHROME,8,TINTA,SureColor F6370,Sublimación 1.10m;;;
2022,TINTA EP F6370 T46C820 NEGRO ULTRACHROME,10,TINTA,SureColor F6370,Sublimación 1.10m;;;
2022,TINTA EP F6370 T746C220 CYAN ULTRACHROME,15,TINTA,SureColor F6370,Sublimación 1.10m;;;
2022,TINTA EP F6370 T746C320 MAGENTA ULTRACHROME,12,TINTA,SureColor F6370,Sublimación 1.10m;;;
2022,TINTA EP F6370 T746C420 YELLOW ULTRACHROME,15,TINTA,SureColor F6370,Sublimación 1.10m;;;
2022,TINTA EP F6370 T746C820 NEGRO ULTRACHROME,16,TINTA,SureColor F6370,Sublimación 1.10m;;;
2022,TINTA EP P9000 T699700 KIT DE MANTENIMIENTO TANQUE,35,TINTA,SureColor P9000,Fotografía / Arte;;;
2022,TINTA EP P9000 T804100 NEGRO ULTRACHROME 700 ML,8,TINTA,SureColor P9000,Fotografía / Arte;;;
2022,TINTA EP P9000 T804200 CYAN ULTRACHROME 700 ML,10,TINTA,SureColor P9000,Fotografía / Arte;;;
2022,TINTA EP P9000 T804300 MAGENTA ULTRACHROME 700 ML,10,TINTA,SureColor P9000,Fotografía / Arte;;;
2022,TINTA EP P9000 T804400 YELLOW ULTRACHROME 700 ML,6,TINTA,SureColor P9000,Fotografía / Arte;;;
2022,TINTA EP P9000 T804500 CYAN CLARO ULTRACHROME 700,5,TINTA,SureColor P9000,Fotografía / Arte;;;
2022,TINTA EP P9000 T804600 MAGENTA CLARO ULTRACHROME 7,6,TINTA,SureColor P9000,Fotografía / Arte;;;
2022,TINTA EP P9000 T804700 NEGRO CLARO ULTRACHROME 700,5,TINTA,SureColor P9000,Fotografía / Arte;;;
2022,TINTA EP P9000 T804800 NEGRO MATE ULTRACHROME 700,1,TINTA,SureColor P9000,Fotografía / Arte;;;
2022,TINTA EP P9000 T804A00 NARANJA ULTRACHROME 700 ML,2,TINTA,SureColor P9000,Fotografía / Arte;;;
2022,TINTA EP P9000 T804B00 VERDE ULTRACHROME 700 ML,5,TINTA,SureColor P9000,Fotografía / Arte;;;
2022,TINTA EP P9000 T804D00 VIOLETA ULTRACHROME 700 ML,3,TINTA,SureColor P9000,Fotografía / Arte;;;
2022,TINTA EP T40W120 NEGRO ULTRACHROME (T3170),1,TINTA,SureColor T3170,Sublimación Textil (CAD/CAM);;;
2022,TINTA EP T40W320 MAGENTA ULTRACHROME (T3170),2,TINTA,SureColor T3170,Sublimación Textil (CAD/CAM);;;
2022,TINTA EP T40W420 AMARILLO ULTRACHROME (T3170),2,TINTA,SureColor T3170,Sublimación Textil (CAD/CAM);;;
2022,TINTA EP T49M120 F170/F570 ULTRA NEGRO 140ML,26,TINTA,SureColor F570,Sublimación 60cm;;;
2022,TINTA EP T49M220 F170/F570 ULTRA CYAN 140ML,17,TINTA,SureColor F570,Sublimación 60cm;;;
2022,TINTA EP T49M320 F170/F570 ULTRA MAGENTA 140ML,18,TINTA,SureColor F570,Sublimación 60cm;;;
2022,TINTA EP T49M420 F170/F570 ULTRA YELLOW 140ML,19,TINTA,SureColor F570,Sublimación 60cm;;;
2022,TINTA EP T725100 NEGRO 725 (F2100WE),1,TINTA,SureColor F2100,DTG (Impresión Directa Textil);;;
2022,TINTA EP T725300 MAGENTA 725 (F2100WE),1,TINTA,SureColor F2100,DTG (Impresión Directa Textil);;;
2022,TINTA EP T725400 AMARILLO 725 (F2100WE),1,TINTA,SureColor F2100,DTG (Impresión Directa Textil);;;
2022,TINTA EP T725A00 BLANCO 725 (F2100WE),6,TINTA,SureColor F2100,DTG (Impresión Directa Textil);;;
2022,TINTA EP T736000 CARTUCHO DE LIMPIEZA (F2100WE),4,TINTA,SureColor F2100,DTG (Impresión Directa Textil);;;
2022,TINTA EP T890100 NEGRO (S40600PE),1,TINTA,SureColor S40600,Serigrafía Digital;;;
2022,TINTA EP T890200 CYAN (S40600PE),1,TINTA,SureColor S40600,Serigrafía Digital;;;
2022,TINTA EP T890320 MAGENTA (S40600PE),1,TINTA,SureColor S40600,Serigrafía Digital;;;
2022,TINTA EP T890400 AMARILLO (S40600PE),2,TINTA,SureColor S40600,Serigrafía Digital;;;
2022,UPS APS POWER 1KVA TOWER ON LINE,1,UPS / ENERGÍA,,UPS / ENERGÍA;;;
2022,UPS APS POWER 650 V.A. VISTA,1,UPS / ENERGÍA,,UPS / ENERGÍA;;;
2023,AURI ARG-HS-5080WT BLANCO C/ ACCESORIOS,1,ACCESORIO / PERIFÉRICO,,ACCESORIO / PERIFÉRICO;;;
2023,CABLE RED ARG-CB-1552 CAT6 2M GRIS,1,ACCESORIO / PERIFÉRICO,,ACCESORIO / PERIFÉRICO;;;
2023,CAM WEB LOGIT 960-001280 STREAM PLUS GRAPHITE,1,ACCESORIO / PERIFÉRICO,,ACCESORIO / PERIFÉRICO;;;
2023,IMP EPSON L 1250 SF WIR,42,IMPRESORA ECOTANK,EcoTank L1250,Impresora EcoTank;;;
2023,IMP EPSON L 3210 MULTIFUNCION,2,IMPRESORA ECOTANK,EcoTank L3210,Impresora EcoTank;;;
2023,IMP EPSON L14150 MULTIFUNCION WIR A3,3,IMPRESORA ECOTANK,EcoTank L14150,Impresora EcoTank;;;
2023,IMP EPSON PLOTER SCF6370PE STANDARD EDITION,6,PLOTTER SURECOLOR,SureColor F6370,Sublimación 1.10m;;;
2023,IMP EPSON PLOTER SCF6470PE SE + TINTAS,1,PLOTTER SURECOLOR,SureColor F6470,Sublimación 1.10m;;;
2023,IMP EPSON SURECOLOR F170 A4,28,PLOTTER SURECOLOR,SureColor F170,Sublimación A4;;;
2023,KIT DE LIMPIEZA DE CABEZAL C13S210063(F6370/F9370),5,REPUESTO / MANTENIMIENTO,SureColor F6370,Sublimación 1.10m;;;
2023,KIT DE MANTENIMIENTO C13S210125 SC-F170,26,REPUESTO / MANTENIMIENTO,SureColor F170,Sublimación A4;;;
2023,KIT EP MAINTENANCE T04D100/L14150,1,REPUESTO / MANTENIMIENTO,SureColor Otros,SureColor Otros;;;
2023,KIT EP MANTENIMIENTO C13S210057 (T3170/F570/F571),8,REPUESTO / MANTENIMIENTO,SureColor F571,SureColor Otros;;;
2023,KIT EP MANTENIMIENTO T699700 P9000 TANQUE,9,REPUESTO / MANTENIMIENTO,SureColor P9000,Fotografía / Arte;;;
"2023,""MOCHILA ARG-BP-0718BK 15.6"""" ELEVATION NEGRA"",2,ACCESORIO / PERIFÉRICO,,ACCESORIO / PERIFÉRICO";;;
2023,MOUSE HP 200 2HU84AA#ABL GRIS/NEGRO WIR,1,ACCESORIO / PERIFÉRICO,,ACCESORIO / PERIFÉRICO;;;
"2023,""NB HP CI3 15-DY2061LA 1125G4/15.6""""/8GB/256SD/W11/"",1,COMPUTADORA,,COMPUTADORA";;;
2023,NB HP CI5 15-DY2054LA 1135G7/15/8GB/256SD+16GB/W11,1,COMPUTADORA,,COMPUTADORA;;;
"2023,""PAPEL EPSON DS TRANSFER MULTIUSE 87GR 24"""" x 100'"",8,INSUMO / PAPEL,,INSUMO / PAPEL";;;
2023,PARLANTE VERBATIM 70229 MINI BLUETOOTH AZUL,1,ACCESORIO / PERIFÉRICO,,ACCESORIO / PERIFÉRICO;;;
2023,PARLANTE VERBATIM 70232 MINI BLUETOOTH BLANCO,1,ACCESORIO / PERIFÉRICO,,ACCESORIO / PERIFÉRICO;;;
2023,PEN DRIVE HP 32GB USB 2.0,1,ACCESORIO / PERIFÉRICO,,ACCESORIO / PERIFÉRICO;;;
2023,PROMO EPSON L1250 + TINTAS,2,PROMOCIÓN,,PROMOCIÓN;;;
2023,REP EP WIPER DE LIMPIEZA F2100 (C13S092001),5,REPUESTO / MANTENIMIENTO,SureColor F2100,DTG (Impresión Directa Textil);;;
2023,REP EP WIPER F9370 HEAD CLEANING KIT (C13S210051),12,REPUESTO / MANTENIMIENTO,SureColor F9370,Sublimación 1.60m;;;
2023,SMART WATCH ARG-WT-6050BK S50 NEGRO,1,ACCESORIO / PERIFÉRICO,,ACCESORIO / PERIFÉRICO;;;
2023,TANQUE EPSON PLOTER F6070 (T619300),1,PLOTTER SURECOLOR,SureColor F6200/F6070,Sublimación 1.10m;;;
2023,TECLADO LOGIT 920-004430 MK220 COMBO WIR,1,ACCESORIO / PERIFÉRICO,,ACCESORIO / PERIFÉRICO;;;
2023,TECLADO LOGIT 920-004432 MK270 COMBO WIR,1,ACCESORIO / PERIFÉRICO,,ACCESORIO / PERIFÉRICO;;;
2023,TINTA EP C13T43R100 KIT MANTENIMIENTO F2100WE,1,TINTA,SureColor F2100,DTG (Impresión Directa Textil);;;
2023,TINTA EP F6070/F6200 T741220 CYAN ULTRACHROME,16,TINTA,SureColor F6200/F6070,Sublimación 1.10m;;;
2023,TINTA EP F6070/F6200 T741320 MAGENTA ULTRACHROME,9,TINTA,SureColor F6200/F6070,Sublimación 1.10m;;;
2023,TINTA EP F6070/F6200 T741420 AMARILLO ULTRACHROME,9,TINTA,SureColor F6200/F6070,Sublimación 1.10m;;;
2023,TINTA EP F6200 T741X20 NEGRO ULTRACHROME,10,TINTA,SureColor F6200/F6070,Sublimación 1.10m;;;
2023,TINTA EP F6370 T46C220 CYAN ULTRACHROME,62,TINTA,SureColor F6370,Sublimación 1.10m;;;
2023,TINTA EP F6370 T46C320 MAGENTA ULTRACHROME,30,TINTA,SureColor F6370,Sublimación 1.10m;;;
2023,TINTA EP F6370 T46C420 YELLOW ULTRACHROME,30,TINTA,SureColor F6370,Sublimación 1.10m;;;
2023,TINTA EP F6370 T46C820 NEGRO ULTRACHROME,26,TINTA,SureColor F6370,Sublimación 1.10m;;;
"2023,""TINTA EP F6470 T53K220 CYAN ULTRACHROME 2 X 1,6L"",21,TINTA,SureColor F6470,Sublimación 1.10m";;;
"2023,""TINTA EP F6470 T53K320 MAGENTA ULTRACHROME 2 X 1,6"",10,TINTA,SureColor F6470,Sublimación 1.10m";;;
"2023,""TINTA EP F6470 T53K420 YELLOW ULTRACHROME 2 X 1,6L"",7,TINTA,SureColor F6470,Sublimación 1.10m";;;
"2023,""TINTA EP F6470 T53K920 NEGRO ULTRACHROME 2 X 1,6L"",10,TINTA,SureColor F6470,Sublimación 1.10m";;;
2023,TINTA EP P9000 T699700 KIT DE MANTENIMIENTO TANQUE,38,TINTA,SureColor P9000,Fotografía / Arte;;;
2023,TINTA EP P9000 T804100 NEGRO ULTRACHROME 700 ML,6,TINTA,SureColor P9000,Fotografía / Arte;;;
2023,TINTA EP P9000 T804200 CYAN ULTRACHROME 700 ML,6,TINTA,SureColor P9000,Fotografía / Arte;;;
2023,TINTA EP P9000 T804300 MAGENTA ULTRACHROME 700 ML,8,TINTA,SureColor P9000,Fotografía / Arte;;;
2023,TINTA EP P9000 T804400 YELLOW ULTRACHROME 700 ML,8,TINTA,SureColor P9000,Fotografía / Arte;;;
2023,TINTA EP P9000 T804500 CYAN CLARO ULTRACHROME 700,6,TINTA,SureColor P9000,Fotografía / Arte;;;
2023,TINTA EP P9000 T804600 MAGENTA CLARO ULTRACHROME 7,8,TINTA,SureColor P9000,Fotografía / Arte;;;
2023,TINTA EP P9000 T804700 NEGRO CLARO ULTRACHROME 700,7,TINTA,SureColor P9000,Fotografía / Arte;;;
2023,TINTA EP P9000 T804A00 NARANJA ULTRACHROME 700 ML,5,TINTA,SureColor P9000,Fotografía / Arte;;;
2023,TINTA EP P9000 T804B00 VERDE ULTRACHROME 700 ML,4,TINTA,SureColor P9000,Fotografía / Arte;;;
2023,TINTA EP P9000 T804D00 VIOLETA ULTRACHROME 700 ML,5,TINTA,SureColor P9000,Fotografía / Arte;;;
2023,TINTA EP T49M120 F170/F570 ULTRA NEGRO 140ML,18,TINTA,SureColor F570,Sublimación 60cm;;;
2023,TINTA EP T49M220 F170/F570 ULTRA CYAN 140ML,10,TINTA,SureColor F570,Sublimación 60cm;;;
2023,TINTA EP T49M320 F170/F570 ULTRA MAGENTA 140ML,11,TINTA,SureColor F570,Sublimación 60cm;;;
2023,TINTA EP T49M420 F170/F570 ULTRA YELLOW 140ML,11,TINTA,SureColor F570,Sublimación 60cm;;;
2023,TINTA EP T694100 NEGRO 700ML (T5270DR),0,TINTA,SureColor T5270,Sublimación Textil;;;
2023,TINTA EP T694200 CYAN 700ML (T5270DR),0,TINTA,SureColor T5270,Sublimación Textil;;;
2023,TINTA EP T694300 MAGENTA 700ML (T5270DR),0,TINTA,SureColor T5270,Sublimación Textil;;;
2023,TINTA EP T694400 YELLOW 700ML (T5270DR),0,TINTA,SureColor T5270,Sublimación Textil;;;
2023,TINTA EP T694500 NEGRO MATTE 700ML (T5270DR),0,TINTA,SureColor T5270,Sublimación Textil;;;
2023,TINTA EP T725100 NEGRO 725 (F2100WE),0,TINTA,SureColor F2100,DTG (Impresión Directa Textil);;;
2023,TINTA EP T72510N NEGRO 725 (F2100WE),1,TINTA,SureColor F2100,DTG (Impresión Directa Textil);;;
2023,TINTA EP T725200 CYAN 725 (F2100WE),0,TINTA,SureColor F2100,DTG (Impresión Directa Textil);;;
2023,TINTA EP T72520N CYAN 725 (F2100WE),1,TINTA,SureColor F2100,DTG (Impresión Directa Textil);;;
2023,TINTA EP T725300 MAGENTA 725 (F2100WE),1,TINTA,SureColor F2100,DTG (Impresión Directa Textil);;;
2023,TINTA EP T72530N MAGENTA 725 (F2100WE),1,TINTA,SureColor F2100,DTG (Impresión Directa Textil);;;
2023,TINTA EP T725400 AMARILLO 725 (F2100WE),0,TINTA,SureColor F2100,DTG (Impresión Directa Textil);;;
2023,TINTA EP T72540N AMARILLO 725 (F2100WE),1,TINTA,SureColor F2100,DTG (Impresión Directa Textil);;;
2023,TINTA EP T725A00 BLANCO 725 (F2100WE),4,TINTA,SureColor F2100,DTG (Impresión Directa Textil);;;
2023,TINTA EP T725A0N BLANCO 725 (F2100WE),14,TINTA,SureColor F2100,DTG (Impresión Directa Textil);;;
2023,TINTA EP T736000 CARTUCHO DE LIMPIEZA (F2100WE),4,TINTA,SureColor F2100,DTG (Impresión Directa Textil);;;
2023,TINTA EP T890120 NEGRO (S40600PE),2,TINTA,SureColor S40600,Serigrafía Digital;;;
2023,TINTA EP T890200 CYAN (S40600PE),3,TINTA,SureColor S40600,Serigrafía Digital;;;
2023,TINTA EP T890220 CYAN (S40600PE),4,TINTA,SureColor S40600,Serigrafía Digital;;;
2023,TINTA EP T890320 MAGENTA (S40600PE),7,TINTA,SureColor S40600,Serigrafía Digital;;;
2023,TINTA EP T890420 AMARILLO (S40600PE),6,TINTA,SureColor S40600,Serigrafía Digital;;;
"2023,""TV SAMSUNG LH43BEAHLGGXZB CRYSTAL 43"""" SMART 4K UHD"",0,TV,,TV";;;
2023,UPS APS POWER 1500 V.A. VISTA,1,UPS / ENERGÍA,,UPS / ENERGÍA;;;
2023,UPS APS POWER 1KVA TOWER ON LINE,2,UPS / ENERGÍA,,UPS / ENERGÍA;;;
2023,UPS APS POWER 6KVA TOWER ON LINE,2,UPS / ENERGÍA,,UPS / ENERGÍA;;;
2023,UPS APS POWER 850 V.A. VISTA,1,UPS / ENERGÍA,,UPS / ENERGÍA;;;
2024,EXTENSION GARANTIA FULL PLAN W/PORT (F6470-F6470H,6,GARANTÍA EXTENDIDA,SureColor F6470,Sublimación 1.10m;;;
2024,IMP EPSON L 1250 SF WIR,35,IMPRESORA ECOTANK,EcoTank L1250,Impresora EcoTank;;;
2024,IMP EPSON L 3210 MULTIFUNCION,2,IMPRESORA ECOTANK,EcoTank L3210,Impresora EcoTank;;;
2024,IMP EPSON L 3250 MULTIFUNCION WIR,2,IMPRESORA ECOTANK,EcoTank L3250,Impresora EcoTank;;;
2024,IMP EPSON L 3560 MULTIFUNCION WIR,1,IMPRESORA ECOTANK,EcoTank L3560,Impresora EcoTank;;;
2024,IMP EPSON L14150 MULTIFUNCION WIR A3,1,IMPRESORA ECOTANK,EcoTank L14150,Impresora EcoTank;;;
2024,IMP EPSON PLOTER F6470H FLUOR,1,PLOTTER SURECOLOR,SureColor F6470H,Sublimación 1.10m;;;
2024,IMP EPSON PLOTER SCF10070LA SURECOLOR,1,PLOTTER SURECOLOR,SureColor F10070,Sublimación Gran Formato 1.90m;;;
2024,IMP EPSON PLOTER SCF2100WE SURECOLOR,1,PLOTTER SURECOLOR,SureColor F2100,DTG (Impresión Directa Textil);;;
2024,IMP EPSON PLOTER SCF6470PE SE,11,PLOTTER SURECOLOR,SureColor F6470,Sublimación 1.10m;;;
2024,IMP EPSON SCT7270SR SURECOLOR,1,PLOTTER SURECOLOR,SureColor T7270,Sublimación Textil (CAD/CAM);;;
2024,IMP EPSON SURECOLOR F170 A4,41,PLOTTER SURECOLOR,SureColor F170,Sublimación A4;;;
2024,IMP EPSON SURECOLOR F571 FLUO,1,PLOTTER SURECOLOR,SureColor F571,Fluorescente / Especial;;;
2024,IMP EPSON SURECOLOR P9570,1,PLOTTER SURECOLOR,SureColor P9570,Fotografía / Arte;;;
2024,IMP EPSON T 3170SR WIF SURECOLOR,1,PLOTTER SURECOLOR,SureColor Otros,SureColor Otros;;;
2024,IMP EPSON T 3170X WIF SURECOLOR,1,PLOTTER SURECOLOR,SureColor Otros,SureColor Otros;;;
2024,KIT EP MANTENIMIENTO C12C934461 (L3560-5590),2,REPUESTO / MANTENIMIENTO,SureColor Otros,SureColor Otros;;;
2024,KIT EP MANTENIMIENTO C13S210057 (T3170/F570/F571),8,REPUESTO / MANTENIMIENTO,SureColor F571,SureColor Otros;;;
2024,KIT EP MANTENIMIENTO C13S210063 F6370/F93,1,REPUESTO / MANTENIMIENTO,SureColor F6370,Sublimación 1.10m;;;
2024,KIT EP MANTENIMIENTO C13S210125 SC-F170,35,REPUESTO / MANTENIMIENTO,SureColor F170,Sublimación A4;;;
2024,KIT EP MANTENIMIENTO PLOTER F6070 (T619300),1,PLOTTER SURECOLOR,SureColor F6200/F6070,Sublimación 1.10m;;;
2024,KIT EP MANTENIMIENTO T04D100/L14150,3,REPUESTO / MANTENIMIENTO,SureColor Otros,SureColor Otros;;;
2024,KIT EP MANTENIMIENTO T699700 P9000 TANQUE,10,REPUESTO / MANTENIMIENTO,SureColor P9000,Fotografía / Arte;;;
2024,KIT EP WIPER C13S210051 F9370 HEAD CLEANING,8,REPUESTO / MANTENIMIENTO,SureColor F9370,Sublimación 1.60m;;;
"2024,""PAPEL EPSON DS TRANSFER MULTIUSE 87GR 24"""" x 100'"",2,INSUMO / PAPEL,,INSUMO / PAPEL";;;
2024,REP EP PRINT HEAD IC856V-3 (FA10031),1,REPUESTO / MANTENIMIENTO,SureColor Otros,SureColor Otros;;;
2024,TINTA EP DE INICIACION DS T53KM20 (SCF6470PE),3,TINTA,SureColor F6470,Sublimación 1.10m;;;
2024,TINTA EP F6070/F6200 T741220 CYAN ULTRACHROME,4,TINTA,SureColor F6200/F6070,Sublimación 1.10m;;;
2024,TINTA EP F6070/F6200 T741420 AMARILLO ULTRACHROME,2,TINTA,SureColor F6200/F6070,Sublimación 1.10m;;;
2024,TINTA EP F6200 T741X20 NEGRO ULTRACHROME,1,TINTA,SureColor F6200/F6070,Sublimación 1.10m;;;
2024,TINTA EP F6370 T46C220 CYAN ULTRACHROME,19,TINTA,SureColor F6370,Sublimación 1.10m;;;
2024,TINTA EP F6370 T46C320 MAGENTA ULTRACHROME,12,TINTA,SureColor F6370,Sublimación 1.10m;;;
2024,TINTA EP F6370 T46C420 YELLOW ULTRACHROME,19,TINTA,SureColor F6370,Sublimación 1.10m;;;
2024,TINTA EP F6370 T46C820 NEGRO ULTRACHROME,8,TINTA,SureColor F6370,Sublimación 1.10m;;;
"2024,""TINTA EP F6470 T53K220 CYAN ULTRACHROME 2 X 1,6L"",81,TINTA,SureColor F6470,Sublimación 1.10m";;;
"2024,""TINTA EP F6470 T53K320 MAGENTA ULTRACHROME 2 X 1,6"",48,TINTA,SureColor F6470,Sublimación 1.10m";;;
"2024,""TINTA EP F6470 T53K420 YELLOW ULTRACHROME 2 X 1,6L"",43,TINTA,SureColor F6470,Sublimación 1.10m";;;
"2024,""TINTA EP F6470 T53K920 NEGRO ULTRACHROME 2 X 1,6L"",35,TINTA,SureColor F6470,Sublimación 1.10m";;;
2024,TINTA EP F6470H T53K720 DS FLUO ULTRACHROME,3,TINTA,SureColor F6470H,Sublimación 1.10m;;;
2024,TINTA EP F6470H T53K820 DS FLUO ULTRACHROME,3,TINTA,SureColor F6470H,Sublimación 1.10m;;;
2024,TINTA EP P9000 T55K200 CYAN ULTRACHROME 700 ML,2,TINTA,SureColor P9000,Fotografía / Arte;;;
2024,TINTA EP P9000 T55K400 YELLOW ULTRACHROME 700 ML,2,TINTA,SureColor P9000,Fotografía / Arte;;;
2024,TINTA EP P9000 T55K500 CYAN CLARO ULTRACHROME 700,2,TINTA,SureColor P9000,Fotografía / Arte;;;
2024,TINTA EP P9000 T55K600 MAGENTA CLARO ULTRACHROME 7,1,TINTA,SureColor P9000,Fotografía / Arte;;;
2024,TINTA EP P9000 T55KA00 NARANJA ULTRACHROME 700 ML,1,TINTA,SureColor P9000,Fotografía / Arte;;;
2024,TINTA EP P9000 T804100 NEGRO ULTRACHROME 700 ML,3,TINTA,SureColor P9000,Fotografía / Arte;;;
2024,TINTA EP P9000 T804200 CYAN ULTRACHROME 700 ML,1,TINTA,SureColor P9000,Fotografía / Arte;;;
2024,TINTA EP P9000 T804300 MAGENTA ULTRACHROME 700 ML,3,TINTA,SureColor P9000,Fotografía / Arte;;;
2024,TINTA EP P9000 T804400 YELLOW ULTRACHROME 700 ML,1,TINTA,SureColor P9000,Fotografía / Arte;;;
2024,TINTA EP P9000 T804500 CYAN CLARO ULTRACHROME 700,1,TINTA,SureColor P9000,Fotografía / Arte;;;
2024,TINTA EP P9000 T804700 NEGRO CLARO ULTRACHROME 700,2,TINTA,SureColor P9000,Fotografía / Arte;;;
2024,TINTA EP P9000 T804800 NEGRO MATE ULTRACHROME 700,1,TINTA,SureColor P9000,Fotografía / Arte;;;
2024,TINTA EP P9000 T804B00 VERDE ULTRACHROME 700 ML,1,TINTA,SureColor P9000,Fotografía / Arte;;;
2024,TINTA EP T40W120 NEGRO ULTRACHROME (T3170),1,TINTA,SureColor T3170,Sublimación Textil (CAD/CAM);;;
2024,TINTA EP T40W220 CYAN ULTRACHROME (T3170),1,TINTA,SureColor T3170,Sublimación Textil (CAD/CAM);;;
2024,TINTA EP T40W320 MAGENTA ULTRACHROME (T3170),1,TINTA,SureColor T3170,Sublimación Textil (CAD/CAM);;;
2024,TINTA EP T40W420 AMARILLO ULTRACHROME (T3170),1,TINTA,SureColor T3170,Sublimación Textil (CAD/CAM);;;
2024,TINTA EP T49H100 NEGRO,3,TINTA,SureColor F170,Sublimación A4;;;
2024,TINTA EP T49H200 CYAN,3,TINTA,SureColor F170,Sublimación A4;;;
2024,TINTA EP T49H300 MAGENTA,3,TINTA,SureColor F170,Sublimación A4;;;
2024,TINTA EP T49H400 YELLOW,3,TINTA,SureColor F170,Sublimación A4;;;
2024,TINTA EP T49M120 F170/F570 ULTRA NEGRO 140ML,17,TINTA,SureColor F570,Sublimación 60cm;;;
2024,TINTA EP T49M220 F170/F570 ULTRA CYAN 140ML,16,TINTA,SureColor F570,Sublimación 60cm;;;
2024,TINTA EP T49M320 F170/F570 ULTRA MAGENTA 140ML,16,TINTA,SureColor F570,Sublimación 60cm;;;
2024,TINTA EP T49M420 F170/F570 ULTRA YELLOW 140ML,12,TINTA,SureColor F570,Sublimación 60cm;;;
2024,TINTA EP T694100 NEGRO 700ML (T5270DR),1,TINTA,SureColor T5270,Sublimación Textil;;;
2024,TINTA EP T694200 CYAN 700ML (T5270DR),2,TINTA,SureColor T5270,Sublimación Textil;;;
2024,TINTA EP T694300 MAGENTA 700ML (T5270DR),3,TINTA,SureColor T5270,Sublimación Textil;;;
2024,TINTA EP T694400 YELLOW 700ML (T5270DR),1,TINTA,SureColor T5270,Sublimación Textil;;;
2024,TINTA EP T694500 NEGRO MATTE 700ML (T5270DR),1,TINTA,SureColor T5270,Sublimación Textil;;;
2024,TINTA EP T725A0N BLANCO 725 (F2100WE),2,TINTA,SureColor F2100,DTG (Impresión Directa Textil);;;
2024,TINTA EP T890100 NEGRO (S40600PE),1,TINTA,SureColor S40600,Serigrafía Digital;;;
2024,TINTA EP T890120 NEGRO (S40600PE),1,TINTA,SureColor S40600,Serigrafía Digital;;;
2024,TINTA EP T890220 CYAN (S40600PE),3,TINTA,SureColor S40600,Serigrafía Digital;;;
2024,TINTA EP T890320 MAGENTA (S40600PE),5,TINTA,SureColor S40600,Serigrafía Digital;;;
2024,TINTA EP T890420 AMARILLO (S40600PE),5,TINTA,SureColor S40600,Serigrafía Digital;;;
2025,IMP EPSON L 121 SFP,2,IMPRESORA ECOTANK,EcoTank L121,Impresora EcoTank;;;
2025,IMP EPSON L 1250 SF WIR,18,IMPRESORA ECOTANK,EcoTank L1250,Impresora EcoTank;;;
2025,IMP EPSON L 3210 MULTIFUNCION,8,IMPRESORA ECOTANK,EcoTank L3210,Impresora EcoTank;;;
2025,IMP EPSON L14150 MULTIFUNCION WIR A3,4,IMPRESORA ECOTANK,EcoTank L14150,Impresora EcoTank;;;
2025,IMP EPSON PLOTER F6470H FLUOR,2,PLOTTER SURECOLOR,SureColor F6470H,Sublimación 1.10m;;;
2025,IMP EPSON PLOTER SCF6470PE SE,20,PLOTTER SURECOLOR,SureColor F6470,Sublimación 1.10m;;;
2025,IMP EPSON PLOTER SCF9470PE SURECOLOR,2,PLOTTER SURECOLOR,SureColor F9470,Sublimación 1.60m;;;
2025,IMP EPSON PLOTER SCS40600PE PRODUCCION S/ TINTAS,2,PLOTTER SURECOLOR,SureColor S40600,Serigrafía Digital;;;
2025,IMP EPSON SURECOLOR F170 A4,88,PLOTTER SURECOLOR,SureColor F170,Sublimación A4;;;
2025,IMP EPSON SURECOLOR F570,8,PLOTTER SURECOLOR,SureColor F570,Sublimación 60cm;;;
2025,IMP EPSON SURECOLOR P7570,2,PLOTTER SURECOLOR,SureColor P7570,Fotografía / Arte;;;
2025,IMP EPSON T 3170SR WIF SURECOLOR,2,PLOTTER SURECOLOR,SureColor Otros,SureColor Otros;;;
2025,KIT EP LIQUIDO DE LIMPIEZA SCF1070 250 ML,10,PLOTTER SURECOLOR,SureColor F1070,DTG / DTF;;;
2025,KIT EP LIQUIDO MANT C13T55AB20 250ML F1070,10,REPUESTO / MANTENIMIENTO,SureColor F1070,DTG / DTF;;;
2025,KIT EP MANTENIMIENTO C13S210057 (T3170/F570/F571),12,REPUESTO / MANTENIMIENTO,SureColor F571,SureColor Otros;;;
2025,KIT EP MANTENIMIENTO C13S210063 F6370/F93,2,REPUESTO / MANTENIMIENTO,SureColor F6370,Sublimación 1.10m;;;
2025,KIT EP MANTENIMIENTO C13S210125 SC-F170,58,REPUESTO / MANTENIMIENTO,SureColor F170,Sublimación A4;;;
2025,KIT EP MANTENIMIENTO C13S210144 (SC-F1070),2,REPUESTO / MANTENIMIENTO,SureColor F1070,DTG / DTF;;;
2025,KIT EP MANTENIMIENTO C13S400215 SCF1070,8,PLOTTER SURECOLOR,SureColor F1070,DTG / DTF;;;
2025,KIT EP MANTENIMIENTO SCF2270 LIQUID PACK 800ml T5,6,PLOTTER SURECOLOR,SureColor F2270,DTG / DTF;;;
2025,KIT EP WIPER C13S210051 F9370 HEAD CLEANING,8,REPUESTO / MANTENIMIENTO,SureColor F9370,Sublimación 1.60m;;;
2025,KIT EP WIPER C13S210065 REPLACEMENT ROLL F10070,6,REPUESTO / MANTENIMIENTO,SureColor F10070,Sublimación Gran Formato 1.90m;;;
2025,KIT EP WIPER C13S210142 SCF1070,2,PLOTTER SURECOLOR,SureColor F1070,DTG / DTF;;;
2025,PAPEL EPSON DS TRANSFER - PRODUCTION 64 x 650,4,INSUMO / PAPEL,,INSUMO / PAPEL;;;
"2025,""PAPEL EPSON DS TRANSFER MULTIUSE 87GR 24"""" x 100'"",6,INSUMO / PAPEL,,INSUMO / PAPEL";;;
2025,PROMO EPSON L 3250 MULTIFUN WIR+TINTA T544120 NE,2,PROMOCIÓN,,PROMOCIÓN;;;
2025,TINTA EP DE INICIACION DS T53KM20 (SCF6470PE),2,TINTA,SureColor F6470,Sublimación 1.10m;;;
2025,TINTA EP F10070 T43M120 NEGRO,56,TINTA,SureColor F10070,Sublimación Gran Formato 1.90m;;;
2025,TINTA EP F10070 T43M220 CYAN,68,TINTA,SureColor F10070,Sublimación Gran Formato 1.90m;;;
2025,TINTA EP F10070 T43M320 MAGENTA,56,TINTA,SureColor F10070,Sublimación Gran Formato 1.90m;;;
2025,TINTA EP F10070 T43M420 YELLOW,52,TINTA,SureColor F10070,Sublimación Gran Formato 1.90m;;;
2025,TINTA EP F6070/F6200 T741220 CYAN ULTRACHROME,6,TINTA,SureColor F6200/F6070,Sublimación 1.10m;;;
2025,TINTA EP F6070/F6200 T741320 MAGENTA ULTRACHROME,4,TINTA,SureColor F6200/F6070,Sublimación 1.10m;;;
2025,TINTA EP F6070/F6200 T741420 AMARILLO ULTRACHROME,4,TINTA,SureColor F6200/F6070,Sublimación 1.10m;;;
2025,TINTA EP F6200 T741X20 NEGRO ULTRACHROME,2,TINTA,SureColor F6200/F6070,Sublimación 1.10m;;;
2025,TINTA EP F6370 T46C220 CYAN ULTRACHROME,34,TINTA,SureColor F6370,Sublimación 1.10m;;;
2025,TINTA EP F6370 T46C320 MAGENTA ULTRACHROME,18,TINTA,SureColor F6370,Sublimación 1.10m;;;
2025,TINTA EP F6370 T46C420 YELLOW ULTRACHROME,20,TINTA,SureColor F6370,Sublimación 1.10m;;;
2025,TINTA EP F6370 T46C820 NEGRO ULTRACHROME,16,TINTA,SureColor F6370,Sublimación 1.10m;;;
"2025,""TINTA EP F6470 T53K220 CYAN ULTRACHROME 2 X 1,6L"",196,TINTA,SureColor F6470,Sublimación 1.10m";;;
"2025,""TINTA EP F6470 T53K320 MAGENTA ULTRACHROME 2 X 1,6"",114,TINTA,SureColor F6470,Sublimación 1.10m";;;
"2025,""TINTA EP F6470 T53K420 YELLOW ULTRACHROME 2 X 1,6L"",88,TINTA,SureColor F6470,Sublimación 1.10m";;;
"2025,""TINTA EP F6470 T53K920 NEGRO ULTRACHROME 2 X 1,6L"",90,TINTA,SureColor F6470,Sublimación 1.10m";;;
2025,TINTA EP P9000 T55K300 MAGENTA ULTRACHROME 700 ML,2,TINTA,SureColor P9000,Fotografía / Arte;;;
2025,TINTA EP P9000 T55K400 YELLOW ULTRACHROME 700 ML,2,TINTA,SureColor P9000,Fotografía / Arte;;;
2025,TINTA EP P9000 T55K600 MAGENTA CLARO ULTRACHROME 7,2,TINTA,SureColor P9000,Fotografía / Arte;;;
2025,TINTA EP P9000 T55K700 NEGRO CLARO ULTRACHROME 700,2,TINTA,SureColor P9000,Fotografía / Arte;;;
2025,TINTA EP P9000 T55KA00 NARANJA ULTRACHROME 700 ML,2,TINTA,SureColor P9000,Fotografía / Arte;;;
2025,TINTA EP P9000 T804400 YELLOW ULTRACHROME 700 ML,4,TINTA,SureColor P9000,Fotografía / Arte;;;
2025,TINTA EP P9000 T804900 NEGRO LIGHT ULTRACHROME 700,4,TINTA,SureColor P9000,Fotografía / Arte;;;
2025,TINTA EP P9000 T824100 NEGRO ULTRACHROME 350 ML,2,TINTA,SureColor P9000,Fotografía / Arte;;;
2025,TINTA EP T40W120 NEGRO ULTRACHROME (T3170),20,TINTA,SureColor T3170,Sublimación Textil (CAD/CAM);;;
2025,TINTA EP T40W220 CYAN ULTRACHROME (T3170),20,TINTA,SureColor T3170,Sublimación Textil (CAD/CAM);;;
2025,TINTA EP T40W320 MAGENTA ULTRACHROME (T3170),16,TINTA,SureColor T3170,Sublimación Textil (CAD/CAM);;;
2025,TINTA EP T40W420 AMARILLO ULTRACHROME (T3170),20,TINTA,SureColor T3170,Sublimación Textil (CAD/CAM);;;
2025,TINTA EP T41P220 CYAN (T5475),2,TINTA,SureColor T5475,Sublimación Textil (CAD/CAM);;;
2025,TINTA EP T41P520 NEGRO (T5475),2,TINTA,SureColor T5475,Sublimación Textil (CAD/CAM);;;
2025,TINTA EP T44P120 ULTRACHROME PRO 12 NEGRO PHOTO 35,6,TINTA,SureColor Pro12,Fotografía / Arte;;;
2025,TINTA EP T44P220 ULTRACHROME PRO 12 CYAN 350ML,6,TINTA,SureColor Pro12,Fotografía / Arte;;;
2025,TINTA EP T44P320 ULTRACHROME PRO 12 MAGENTA 350ML,6,TINTA,SureColor Pro12,Fotografía / Arte;;;
2025,TINTA EP T44P420 ULTRACHROME PRO 12 YELLOW 350ML,8,TINTA,SureColor Pro12,Fotografía / Arte;;;
2025,TINTA EP T44P520 ULTRACHROME PRO 12 CYAN LIGHT 350,8,TINTA,SureColor Pro12,Fotografía / Arte;;;
2025,TINTA EP T44P620 ULTRACHROME PRO 12 MAGENTA LIGHT,8,TINTA,SureColor Pro12,Fotografía / Arte;;;
2025,TINTA EP T44P720 ULTRACHROME PRO 12 NEGRO LIGHT 35,6,TINTA,SureColor Pro12,Fotografía / Arte;;;
2025,TINTA EP T44P820 ULTRACHROME PRO 12 NEGRO MATE 350,8,TINTA,SureColor Pro12,Fotografía / Arte;;;
2025,TINTA EP T44P920 ULTRACHROME PRO 12 NEGRO LT LT 35,8,TINTA,SureColor Pro12,Fotografía / Arte;;;
2025,TINTA EP T44PA20 ULTRACHROME PRO 12 NARANJA 350ML,8,TINTA,SureColor Pro12,Fotografía / Arte;;;
2025,TINTA EP T44PB20 ULTRACHROME PRO 12 VERDE 350ML,6,TINTA,SureColor Pro12,Fotografía / Arte;;;
2025,TINTA EP T44PD20 ULTRACHROME PRO 12 VIOLETA 350ML,10,TINTA,SureColor Pro12,Fotografía / Arte;;;
2025,TINTA EP T49H100 NEGRO,4,TINTA,SureColor F170,Sublimación A4;;;
2025,TINTA EP T49H200 CYAN,4,TINTA,SureColor F170,Sublimación A4;;;
2025,TINTA EP T49H300 MAGENTA,4,TINTA,SureColor F170,Sublimación A4;;;
2025,TINTA EP T49H400 YELLOW,6,TINTA,SureColor F170,Sublimación A4;;;
2025,TINTA EP T49M120 F170/F570 ULTRA NEGRO 140ML,48,TINTA,SureColor F570,Sublimación 60cm;;;
2025,TINTA EP T49M220 F170/F570 ULTRA CYAN 140ML,42,TINTA,SureColor F570,Sublimación 60cm;;;
2025,TINTA EP T49M320 F170/F570 ULTRA MAGENTA 140ML,34,TINTA,SureColor F570,Sublimación 60cm;;;
2025,TINTA EP T49M420 F170/F570 ULTRA YELLOW 140ML,40,TINTA,SureColor F570,Sublimación 60cm;;;
2025,TINTA EP T54KA20 ULTRACHROME DG2 WHITE 800ML,12,TINTA,SureColor F1070,DTG / DTF;;;
2025,TINTA EP T55A120 F1070 ULTRACHROME DG2 NEGRO 250 M,4,TINTA,SureColor F1070,DTG / DTF;;;
2025,TINTA EP T55A220 F1070 ULTRACHROME DG2 CYAN 250 ML,4,TINTA,SureColor F1070,DTG / DTF;;;
2025,TINTA EP T55A320 F1070 ULTRACHROME DG2 MAGENTA 250,4,TINTA,SureColor F1070,DTG / DTF;;;
2025,TINTA EP T55A420 F1070 ULTRACHROME DG2 YELLOW 250,4,TINTA,SureColor F1070,DTG / DTF;;;
2025,TINTA EP T55AA20 F1070 ULTRACHROME DG2 WHITE 250 M,16,TINTA,SureColor F1070,DTG / DTF;;;
2025,TINTA EP T890120 NEGRO (S40600PE),8,TINTA,SureColor S40600,Serigrafía Digital;;;
2025,TINTA EP T890220 CYAN (S40600PE),8,TINTA,SureColor S40600,Serigrafía Digital;;;
2025,TINTA EP T890320 MAGENTA (S40600PE),16,TINTA,SureColor S40600,Serigrafía Digital;;;
2025,TINTA EP T890420 AMARILLO (S40600PE),14,TINTA,SureColor S40600,Serigrafía Digital;;;
2026,IMP EPSON L14150 MULTIFUNCION WIR A3,1,IMPRESORA ECOTANK,EcoTank L14150,Impresora EcoTank;;;
2026,IMP EPSON PLOTER SCF6470PE SE,5,PLOTTER SURECOLOR,SureColor F6470,Sublimación 1.10m;;;
2026,IMP EPSON SC-G6070 SURECOLOR,1,PLOTTER SURECOLOR,SureColor G6070,DTF;;;
2026,IMP EPSON SURECOLOR F170 A4,6,PLOTTER SURECOLOR,SureColor F170,Sublimación A4;;;
2026,IMP EPSON SURECOLOR F570,1,PLOTTER SURECOLOR,SureColor F570,Sublimación 60cm;;;
2026,KIT EP LIMPIADOR DE TINTAS T699300 (S40600PE),1,REPUESTO / MANTENIMIENTO,SureColor S40600,Serigrafía Digital;;;
2026,KIT EP LIQUIDO MAINT C13T57SB20 SC-G6070 1.6L,1,REPUESTO / MANTENIMIENTO,SureColor G6070,DTF;;;
2026,KIT EP MANTENIMIENTO C13S210125 SC-F170,15,REPUESTO / MANTENIMIENTO,SureColor F170,Sublimación A4;;;
2026,KIT EP MANTENIMIENTO SCF2270 LIQUID PACK 800ml T5,1,PLOTTER SURECOLOR,SureColor F2270,DTG / DTF;;;
2026,KIT EP WIPER C13S210051 F9370 HEAD CLEANING,2,REPUESTO / MANTENIMIENTO,SureColor F9370,Sublimación 1.60m;;;
"2026,""PAPEL EPSON DS TRANSFER MULTIUSE 87GR 24"""" x 100'"",16,INSUMO / PAPEL,,INSUMO / PAPEL";;;
2026,TINTA EP F10070 T43M120 NEGRO,4,TINTA,SureColor F10070,Sublimación Gran Formato 1.90m;;;
2026,TINTA EP F10070 T43M220 CYAN,10,TINTA,SureColor F10070,Sublimación Gran Formato 1.90m;;;
2026,TINTA EP F10070 T43M320 MAGENTA,7,TINTA,SureColor F10070,Sublimación Gran Formato 1.90m;;;
2026,TINTA EP F10070 T43M420 YELLOW,12,TINTA,SureColor F10070,Sublimación Gran Formato 1.90m;;;
2026,TINTA EP F6370 T46C220 CYAN ULTRACHROME,5,TINTA,SureColor F6370,Sublimación 1.10m;;;
2026,TINTA EP F6370 T46C320 MAGENTA ULTRACHROME,5,TINTA,SureColor F6370,Sublimación 1.10m;;;
2026,TINTA EP F6370 T46C420 YELLOW ULTRACHROME,3,TINTA,SureColor F6370,Sublimación 1.10m;;;
2026,TINTA EP F6370 T46C820 NEGRO ULTRACHROME,4,TINTA,SureColor F6370,Sublimación 1.10m;;;
"2026,""TINTA EP F6470 T53K220 CYAN ULTRACHROME 2 X 1,6L"",26,TINTA,SureColor F6470,Sublimación 1.10m";;;
"2026,""TINTA EP F6470 T53K320 MAGENTA ULTRACHROME 2 X 1,6"",17,TINTA,SureColor F6470,Sublimación 1.10m";;;
"2026,""TINTA EP F6470 T53K420 YELLOW ULTRACHROME 2 X 1,6"",11,TINTA,SureColor F6470,Sublimación 1.10m";;;
"2026,""TINTA EP F6470 T53K920 NEGRO ULTRACHROME 2 X 1,6L"",15,TINTA,SureColor F6470,Sublimación 1.10m";;;
2026,TINTA EP T49M120 F170/F570 ULTRA NEGRO 140ML,8,TINTA,SureColor F570,Sublimación 60cm;;;
2026,TINTA EP T49M220 F170/F570 ULTRA CYAN 140ML,1,TINTA,SureColor F570,Sublimación 60cm;;;
2026,TINTA EP T49M420 F170/F570 ULTRA YELLOW 140ML,1,TINTA,SureColor F570,Sublimación 60cm;;;
2026,TINTA EP T54KA20 ULTRACHROME DG2 WHITE 800ML,2,TINTA,SureColor F1070,DTG / DTF;;;
2026,TINTA EP T57S120 NEGRO ULTRACHROME G6070DF 1.6L,1,TINTA,SureColor G6070,DTF;;;
2026,TINTA EP T57S220 CYAN ULTRACHROME G6070DF 1.6L,1,TINTA,SureColor G6070,DTF;;;
2026,TINTA EP T57S320 MAGENTA ULTRACHROME G6070DF 1.6L,1,TINTA,SureColor G6070,DTF;;;
2026,TINTA EP T57S420 YELLOW ULTRACHROME G6070DF 1.6L,1,TINTA,SureColor G6070,DTF;;;
2026,TINTA EP T57SA20 WHITE ULTRACHROME G6070DF 1.6L,2,TINTA,SureColor G6070,DTF;;;
2026,TINTA EP T890120 NEGRO (S40600PE),2,TINTA,SureColor S40600,Serigrafía Digital;;;
2026,TINTA EP T890220 CYAN (S40600PE),1,TINTA,SureColor S40600,Serigrafía Digital;;;
2026,TINTA EP T890320 MAGENTA (S40600PE),2,TINTA,SureColor S40600,Serigrafía Digital;;;
2026,TINTA EP T890420 AMARILLO (S40600PE),4,TINTA,SureColor S40600,Serigrafía Digital;;;
